{
  "name": "fastadmin-citypicker",
  "description": "A simple jQuery plugin for picking provinces, cities and districts of China.",
  "main": [
    "dist/js/city-picker.js"
  ],
  "keywords": [
    "中国",
    "省份",
    "城市",
    "行政区",
    "省市区",
    "三级联动",
    "地址选择器",
    "China",
    "province",
    "provinces",
    "city",
    "cities",
    "district",
    "districts",
    "pick",
    "picker",
    "picking",
    "jquery",
    "plugin",
    "html",
    "css",
    "javascript",
    "front-end",
    "web",
    "development"
  ],
  "authors": [
    "Tao Shi"
  ],
  "homepage": "https://github.com/karsonzhang/fastadmin-citypicker",
  "license": "MIT",
  "ignore": [
    "**/.*",
    "node_modules",
    "bower_components",
    "docs"
  ],
  "dependencies": {
    "jquery": ">= 1.9.1"
  },
  "version": "1.3.3",
  "_release": "1.3.3",
  "_resolution": {
    "type": "version",
    "tag": "v1.3.3",
    "commit": "e968bcc151ba33c76e12fd1e5f2d5977f9a98995"
  },
  "_source": "https://github.com/karsonzhang/fastadmin-citypicker.git",
  "_target": "~1.3.1",
  "_originalSource": "fastadmin-citypicker"
}